runtime,endpoint,round,rps,avg_ms,p50_ms,p75_ms,p90_ms,p99_ms,requests,timeouts
ephpm,health,1,940.3,106.1,105.08,107.71,111.19,117.96,28245,0
ephpm,static,1,939.1,106.29,106.04,107.67,109.45,113.19,28199,0
ephpm,cpu,1,924.6,107.93,107.12,109.33,111.86,125.48,27769,0
ephpm,db,1,689.0,144.72,143.84,147.07,149.56,156.92,20697,0
ephpm,health,2,934.1,106.87,105.44,107.39,110.95,155.19,28057,0
ephpm,static,2,900.5,110.76,108.42,112.03,119.29,141.64,27051,0
ephpm,cpu,2,895.5,111.37,110.15,114.54,118.12,125.66,26904,0
ephpm,db,2,642.6,155.2,151.9,157.6,168.57,195.82,19301,0
ephpm,health,3,896.6,111.31,109.75,114.74,119.38,131.65,26929,0
ephpm,static,3,929.7,107.38,106.83,108.61,111.21,118.88,27922,0
ephpm,cpu,3,912.0,109.41,109.04,110.94,113.24,119.66,27390,0
ephpm,db,3,653.0,152.66,151.13,154.01,160.29,177.37,19615,0
ephpm-worker,health,1,2083.5,51.86,46.82,69.66,96.62,182.62,62565,0
ephpm-worker,static,1,2144.6,49.81,46.97,69.52,93.83,164.72,64400,0
ephpm-worker,cpu,1,1964.7,55.09,49.06,73.75,103.01,194.7,59006,0
ephpm-worker,db,1,1332.7,81.43,69.39,102.92,146.43,305.23,40032,0
ephpm-worker,health,2,2244.1,47.78,44.75,66.38,89.81,159.75,67396,0
ephpm-worker,static,2,2246.2,47.67,45.0,66.62,89.62,158.2,67454,0
ephpm-worker,cpu,2,2191.0,49.0,46.02,68.03,92.0,164.06,65796,0
ephpm-worker,db,2,1488.5,70.19,67.49,99.21,132.48,226.27,44698,0
ephpm-worker,health,3,2304.1,45.89,43.97,64.75,87.17,150.83,69203,0
ephpm-worker,static,3,2286.3,46.48,44.19,65.07,87.86,154.16,68649,0
ephpm-worker,cpu,3,2240.2,47.64,45.16,66.76,89.78,157.28,67275,0
ephpm-worker,db,3,1536.9,67.52,65.24,70.48,127.62,195.98,46155,0
